attendance_percentage,assignment_average,test_average,lms_login_count,risk_level,outcome
73.1,76.55,74.51,80,Medium,1
77.8,75.94,54.78,39,Medium,1
60.72,50.58,47.26,9,Medium,1
70.98,52.56,56.22,21,Medium,1
77.2,81.58,74.62,55,Low,1
80.71,80.58,61.01,68,Low,1
67.19,66.82,43.9,16,High,1
77.69,76.75,56.13,69,Medium,1
86.66,81.1,80.05,76,Low,1
77.01,76.65,80.78,57,Low,1
91.44,66.81,79.51,69,Low,1
64.24,61.61,71.92,34,Medium,1
61.01,57.39,39.39,47,High,1
82.15,85.82,67.34,52,Low,1
48.02,53.9,40.34,16,High,1
44.11,31.58,32.74,10,High,0
10.14,44.15,31.86,11,High,0
80.67,89.09,73.57,68,Low,1
41.78,19.92,23.06,6,High,0
60.67,56.08,58.32,34,Medium,1
51.21,26.2,26.92,20,High,0
78.84,63.87,79.1,23,Low,1
95.65,80.99,72.08,59,Low,1
72.22,66.64,85.95,53,Medium,1
37.72,46.67,50.57,18,High,0
100.0,76.08,79.04,46,Low,1
71.18,70.17,57.49,45,Medium,1
52.83,46.09,62.22,23,High,1
88.16,84.15,75.82,79,Low,1
83.17,66.88,64.66,63,Low,1
56.51,46.46,72.55,14,Medium,1
64.65,47.29,60.31,32,Medium,1
81.01,79.92,67.93,76,Low,1
79.26,75.71,60.79,67,Low,1
67.31,49.91,66.63,35,Medium,1
75.66,44.22,44.68,41,High,1
42.29,50.46,55.69,14,High,1
74.88,54.85,63.35,25,Medium,1
64.6,52.65,35.33,39,High,0
82.64,70.22,81.8,65,Low,1
70.5,45.29,81.28,57,Medium,1
51.95,15.7,39.42,8,High,0
75.83,87.29,68.99,60,Low,1
48.88,45.39,65.1,60,High,1
76.15,63.76,69.86,93,Low,1
74.54,71.98,60.77,89,Medium,1
63.72,53.34,55.64,63,Medium,1
89.28,75.59,66.6,66,Low,1
19.23,55.37,29.0,30,High,0
82.57,76.25,66.4,61,Low,1
34.53,35.73,49.38,25,High,0
48.98,30.05,29.72,19,High,0
20.55,25.35,28.3,23,High,0
60.6,71.05,55.23,43,Medium,1
79.83,69.1,89.21,80,Low,1
78.43,83.26,79.12,74,Low,1
76.41,73.93,53.19,91,Medium,1
88.43,77.3,66.93,52,Low,1
78.53,75.63,77.03,78,Low,1
36.27,31.38,34.23,16,High,0
79.58,73.96,65.86,64,Low,1
72.71,56.91,59.42,43,Medium,1
82.56,81.87,76.26,65,Low,1
69.06,79.53,46.56,45,Medium,1
81.11,81.81,58.92,76,Medium,1
71.16,67.93,73.35,70,Medium,1
86.57,81.76,78.68,87,Low,1
40.41,54.15,30.9,0,High,0
45.31,43.34,5.12,6,High,0
41.33,40.06,37.61,10,High,0
71.05,78.28,81.54,88,Medium,1
61.96,73.51,56.27,49,Medium,1
75.27,59.66,43.78,31,High,1
89.02,82.47,56.17,47,Medium,1
44.4,13.95,30.67,24,High,0
45.97,19.56,36.28,17,High,0
90.98,62.47,70.89,63,Low,1
85.9,73.5,80.6,50,Low,1
75.48,69.53,59.09,62,Medium,1
42.17,51.0,57.35,33,High,0
33.16,46.95,29.89,4,High,0
79.51,87.16,69.76,73,Low,1
55.28,58.79,71.76,5,Medium,1
74.76,68.83,62.27,90,Medium,1
56.26,57.97,81.12,47,Medium,1
94.66,67.0,59.55,78,Medium,1
82.22,75.02,68.75,61,Low,1
76.99,69.26,64.22,65,Low,1
85.12,73.32,74.14,69,Low,1
59.67,58.99,63.27,14,Medium,1
59.35,47.98,58.08,2,Medium,1
61.93,64.39,36.72,34,High,1
63.51,53.93,48.38,44,Medium,1
72.72,33.28,46.23,41,Medium,0
44.04,41.07,43.34,26,High,0
66.14,53.12,50.24,39,Medium,1
42.92,61.61,52.03,46,High,1
92.41,59.03,68.84,65,Low,1
80.09,80.58,80.03,66,Low,1
45.44,22.26,51.87,16,High,0
74.66,58.82,49.64,39,Medium,1
56.83,58.72,49.75,40,Medium,1
92.3,70.44,68.15,56,Low,1
74.74,62.13,75.64,25,Medium,1
83.36,80.68,63.98,30,Low,1
91.44,59.09,62.98,40,Low,1
67.5,46.6,40.24,57,High,1
43.2,28.12,35.36,14,High,0
59.12,56.67,66.78,28,Medium,1
14.15,24.52,20.16,11,High,0
73.0,72.81,71.94,45,Medium,1
80.74,88.79,82.14,60,Low,1
82.01,75.27,65.9,67,Low,1
50.09,33.12,29.89,13,High,0
78.89,31.41,32.14,20,High,0
83.63,62.74,65.0,48,Low,1
85.88,67.82,71.2,65,Low,1
57.72,52.75,60.38,20,Medium,1
88.51,66.48,74.11,68,Low,1
73.94,78.74,69.21,69,Medium,1
72.07,67.47,83.84,38,Medium,1
70.7,57.34,87.27,68,Medium,1
74.72,57.69,51.31,51,Medium,1
87.38,75.37,70.34,65,Low,1
68.96,78.41,90.05,75,Medium,1
86.22,76.05,80.84,89,Low,1
80.74,80.45,75.45,29,Low,1
66.99,51.88,39.53,23,High,0
70.74,40.46,77.89,31,Medium,1
83.43,69.39,73.1,103,Low,1
79.18,75.94,73.62,59,Low,1
81.62,79.66,66.94,74,Low,1
67.9,83.15,60.13,61,Medium,1
66.2,63.6,66.89,45,Medium,1
69.79,73.54,79.37,67,Medium,1
39.44,39.53,45.86,14,High,0
70.76,78.01,62.62,84,Medium,1
83.08,85.58,73.77,80,Low,1
25.81,47.03,46.27,14,High,0
76.53,92.39,68.73,58,Low,1
75.02,80.35,69.3,52,Low,1
73.59,73.72,74.11,88,Medium,1
80.67,67.4,92.79,55,Low,1
81.21,51.62,49.16,27,Medium,1
60.04,56.32,50.89,20,Medium,1
90.39,69.58,77.7,68,Low,1
56.6,59.65,51.01,42,Medium,1
75.84,56.23,46.22,18,Medium,1
56.59,57.92,62.64,22,Medium,0
56.3,53.11,66.49,43,Medium,1
83.92,76.44,80.4,71,Low,1
50.58,52.8,52.2,25,High,1
79.04,67.33,65.79,72,Low,1
69.0,59.91,55.51,18,Medium,1
79.95,60.14,57.93,30,Medium,1
82.38,78.86,73.68,58,Low,1
79.1,75.4,55.71,79,Medium,1
43.53,33.29,41.9,26,High,0
47.99,53.94,41.47,32,High,0
89.9,75.95,66.92,45,Low,1
39.33,26.24,35.51,19,High,0
95.28,73.64,74.19,61,Low,1
82.59,72.16,80.55,59,Low,1
81.77,76.74,76.11,73,Low,1
55.56,61.23,68.74,40,Medium,1
81.6,68.59,88.21,64,Low,1
69.27,78.52,66.29,79,Medium,1
81.8,70.38,50.19,41,Medium,1
68.72,62.79,54.73,28,Medium,1
37.16,39.96,21.94,26,High,0
56.24,58.38,52.04,33,Medium,1
76.14,88.38,77.77,56,Low,1
84.2,67.61,88.31,70,Low,1
50.18,52.59,30.04,24,High,0
85.21,91.46,68.67,68,Low,1
59.71,57.76,78.56,55,Medium,1
72.98,78.51,67.48,68,Medium,1
63.89,53.17,72.31,20,Medium,1
23.26,64.02,35.63,28,High,0
59.27,72.77,70.18,27,Medium,1
68.24,55.09,36.84,34,High,1
75.62,69.49,35.86,30,High,1
51.69,25.05,51.4,8,High,0
79.82,74.61,60.45,79,Low,1
87.19,62.86,64.45,72,Low,1
91.78,77.06,75.87,80,Low,1
79.38,69.59,72.44,54,Low,1
29.58,40.94,11.02,21,High,0
65.19,97.5,64.16,71,Medium,1
71.44,51.76,76.05,32,Medium,1
64.69,78.03,65.59,38,Medium,1
42.81,53.27,52.43,19,High,0
75.83,76.37,81.05,61,Low,1
79.35,55.56,65.6,49,Low,1
50.66,47.62,53.77,11,High,1
73.77,65.23,59.04,88,Medium,1
69.58,71.57,60.36,55,Medium,1
58.0,51.12,79.78,46,Medium,1
60.46,57.8,42.28,16,High,1
46.76,71.84,61.2,42,High,1
38.97,44.71,34.54,18,High,0
74.4,66.09,62.07,67,Medium,1
94.12,80.18,66.57,41,Low,1
63.41,59.05,40.33,27,High,1
78.97,57.25,48.63,35,Medium,1
66.39,58.49,55.45,26,Medium,1
76.49,54.99,51.97,44,Medium,1
76.39,71.64,83.23,54,Low,1
87.23,45.62,60.77,26,Low,1
85.63,74.35,70.68,79,Low,1
93.68,60.52,74.83,64,Low,1
75.82,87.42,67.02,73,Low,1
73.19,68.31,66.72,62,Medium,1
42.4,42.81,16.77,16,High,0
53.27,45.67,62.64,58,High,1
95.81,78.47,72.68,73,Low,1
74.68,74.65,86.25,60,Medium,1
52.85,47.08,51.52,49,High,1
57.51,60.25,49.2,39,Medium,1
70.82,50.14,40.36,12,High,1
99.25,64.95,79.53,65,Low,1
41.98,40.98,35.71,21,High,0
48.82,47.2,30.41,12,High,0
61.47,58.28,54.9,48,Medium,1
100.0,71.6,66.15,72,Low,1
82.51,69.12,70.32,65,Low,1
20.37,32.24,0.0,16,High,0
75.65,86.25,82.97,61,Low,1
77.49,70.71,68.69,54,Low,1
76.98,75.28,72.03,71,Low,1
86.0,92.31,62.6,61,Low,1
89.91,64.64,55.78,73,Medium,1
64.7,56.26,50.69,34,Medium,1
75.63,62.17,73.65,64,Low,1
66.32,90.48,61.26,64,Medium,1
75.1,63.02,57.48,87,Medium,1
55.71,26.55,16.21,10,High,0
74.21,65.42,58.29,50,Medium,1
72.47,74.5,72.8,90,Medium,1
82.72,71.08,73.66,44,Low,1
87.44,83.26,67.94,58,Low,1
57.92,67.96,46.68,17,Medium,1
84.25,66.6,77.78,83,Low,1
42.46,32.28,49.06,14,High,0
72.46,63.93,45.61,39,Medium,1
80.32,65.64,54.3,95,Medium,1
36.19,36.02,39.74,12,High,0
52.96,37.99,40.67,12,High,0
52.66,48.81,23.5,18,High,0
42.36,44.8,28.53,9,High,0
69.94,65.24,80.3,47,Medium,1
65.78,65.53,59.19,50,Medium,1
80.0,73.84,79.46,51,Low,1
78.62,87.36,75.55,47,Low,1
84.22,85.64,58.95,48,Medium,1
32.16,60.72,31.8,15,High,0
95.45,67.99,82.5,56,Low,1
75.31,69.49,73.66,88,Low,1
81.31,67.56,48.13,44,Medium,1
92.5,72.64,67.92,75,Low,1
37.26,66.01,50.25,24,High,0
80.92,86.11,77.68,49,Low,1
61.5,60.62,67.62,31,Medium,1
45.63,53.11,42.68,36,High,0
90.26,72.44,68.68,71,Low,1
93.12,73.78,87.95,89,Low,1
68.55,47.02,59.35,28,Medium,1
82.97,73.2,70.17,51,Low,1
31.92,28.93,33.05,26,High,0
81.89,54.61,79.96,76,Low,1
83.98,74.7,78.32,66,Low,1
77.17,80.35,60.71,69,Low,1
82.64,76.78,64.72,60,Low,1
77.67,75.6,82.34,49,Low,1
38.45,41.83,41.93,28,High,0
75.37,77.49,80.14,29,Low,1
57.89,58.74,70.37,35,Medium,1
64.41,51.54,46.21,29,Medium,1
50.54,58.95,51.03,41,High,1
64.68,66.83,54.14,32,Medium,1
90.31,78.04,83.79,56,Low,1
67.01,76.73,66.88,29,Medium,1
27.37,41.41,49.77,19,High,0
36.87,35.98,31.75,6,High,0
76.11,75.63,73.72,68,Low,1
82.05,65.5,75.85,62,Low,1
82.26,71.86,88.14,68,Low,1
49.16,42.02,54.13,5,High,1
80.68,84.45,71.18,31,Low,1
89.94,80.72,76.92,61,Low,1
76.7,57.76,78.87,83,Low,1
56.93,44.84,36.69,6,High,0
76.95,46.79,50.58,41,Medium,1
72.78,59.26,76.33,22,Medium,1
90.23,63.47,78.51,75,Low,1
52.01,48.07,61.7,12,High,1
83.13,82.8,74.28,64,Low,1
74.46,76.66,73.71,75,Medium,1
83.57,76.54,80.0,57,Low,1
78.91,76.94,88.54,61,Low,1
66.92,71.63,57.54,76,Medium,1
75.09,81.6,87.4,63,Low,1
65.83,53.33,46.93,35,Medium,1
91.31,81.8,76.51,67,Low,1
46.9,51.12,71.21,30,High,1
83.84,86.9,83.83,89,Low,1
74.28,74.24,69.69,28,Medium,1
66.43,58.44,73.65,27,Medium,1
78.48,56.34,70.02,33,Low,1
72.08,74.66,58.88,60,Medium,1
47.76,72.77,41.91,12,High,1
63.06,54.81,46.24,47,Medium,1
78.81,68.78,59.6,37,Medium,1
63.19,42.19,64.85,29,Medium,1
83.16,69.08,65.63,70,Low,1
64.33,72.31,63.12,63,Medium,1
86.1,72.65,83.04,82,Low,1
68.13,79.67,74.1,79,Medium,1
65.58,50.55,36.33,27,High,1
78.11,75.28,62.75,83,Low,1
69.71,66.46,75.24,26,Medium,1
54.05,71.92,52.25,38,High,1
20.17,31.68,13.14,23,High,0
72.8,47.09,50.48,21,Medium,1
30.43,34.84,37.64,12,High,0
91.71,60.53,64.75,79,Low,1
97.13,70.3,71.59,47,Low,1
36.29,34.76,35.58,13,High,0
67.57,71.16,71.16,68,Medium,1
52.85,38.71,42.82,1,High,0
66.83,46.2,72.3,38,Medium,1
91.82,67.7,66.41,62,Low,1
82.49,77.95,80.65,37,Low,1
53.92,32.7,51.85,48,High,1
60.52,45.24,54.67,28,Medium,0
44.89,43.04,43.08,22,High,0
79.11,76.24,66.01,78,Low,1
27.93,53.51,36.33,0,High,0
87.12,68.2,74.16,28,Low,1
38.76,39.34,40.71,18,High,0
76.66,55.96,53.51,47,Medium,1
44.31,39.78,31.95,22,High,0
60.9,50.53,67.6,28,Medium,1
33.79,51.44,43.67,19,High,0
69.21,52.06,62.67,49,Medium,1
69.5,57.73,45.3,33,Medium,1
80.47,69.61,72.96,62,Low,1
86.87,74.01,64.65,74,Low,1
80.71,68.32,63.02,53,Low,1
34.44,49.95,34.48,11,High,0
82.63,74.19,57.12,83,Medium,1
46.02,3.77,39.39,28,High,0
73.16,80.26,79.59,73,Medium,1
78.7,61.92,49.4,34,Medium,1
84.68,66.42,66.36,65,Low,1
73.74,80.6,64.2,55,Medium,1
87.83,70.09,81.25,55,Low,1
53.34,44.69,35.66,16,High,0
94.55,63.38,76.7,52,Low,1
65.68,58.89,57.17,27,Medium,1
60.62,59.4,59.49,33,Medium,1
82.14,69.6,61.01,57,Low,1
77.35,54.8,50.64,40,Medium,1
67.25,48.05,23.07,1,High,0
92.2,80.48,81.68,44,Low,1
75.91,71.37,77.43,56,Low,1
68.05,74.95,58.27,47,Medium,1
60.89,93.3,79.06,64,Medium,1
66.21,42.6,50.7,8,Medium,1
60.57,48.07,44.69,11,High,0
89.85,68.06,52.55,68,Medium,1
25.78,42.08,40.17,12,High,0
78.83,72.56,65.31,53,Low,1
81.14,74.17,74.08,46,Low,1
84.71,66.05,75.54,86,Low,1
61.3,73.81,43.83,25,High,1
38.84,17.97,41.29,18,High,0
40.13,20.71,39.4,30,High,0
88.73,69.06,91.69,36,Low,1
81.34,62.61,69.6,58,Low,1
42.58,43.98,31.49,1,High,0
66.57,62.26,55.21,27,Medium,1
74.31,80.65,84.53,82,Medium,1
52.97,54.87,54.99,19,High,1
85.76,79.71,70.62,51,Low,1
60.13,54.42,47.88,43,Medium,1
25.87,20.76,40.22,15,High,0
86.7,68.52,79.12,35,Low,1
57.9,52.02,38.21,35,High,0
80.48,74.85,77.26,94,Low,1
56.95,67.58,63.57,31,Medium,1
78.76,62.39,71.89,46,Low,1
79.07,77.55,72.1,75,Low,1
37.57,54.83,23.08,19,High,0
82.88,82.42,66.84,40,Low,1
61.53,65.3,62.23,75,Medium,1
62.48,69.34,43.31,20,High,1
86.64,80.27,69.74,56,Low,1
59.02,60.29,74.82,39,Medium,1
59.31,64.5,38.47,47,High,1
65.33,48.44,29.6,36,High,1
89.96,75.84,76.48,74,Low,1
77.71,78.32,60.31,46,Low,1
74.38,57.94,62.36,21,Medium,1
57.88,72.44,54.34,40,Medium,1
29.98,46.01,37.65,14,High,0
62.62,60.69,57.68,51,Medium,1
38.64,34.25,25.78,19,High,0
58.51,65.72,67.23,58,Medium,1
76.88,65.77,59.83,42,Medium,1
58.15,56.48,47.26,46,Medium,1
76.74,72.75,67.07,67,Low,1
53.15,63.21,71.72,29,High,1
77.78,76.75,71.56,65,Low,1
94.11,69.09,66.22,90,Low,1
68.71,73.33,58.95,51,Medium,1
65.88,61.96,54.08,37,Medium,1
56.87,45.0,64.13,44,Medium,1
49.25,67.26,62.21,16,High,1
67.77,68.47,67.87,32,Medium,1
61.73,41.76,53.79,40,Medium,1
69.2,57.76,53.08,37,Medium,1
22.73,34.73,58.81,10,High,0
64.13,45.08,62.59,28,Medium,1
84.87,78.54,65.71,51,Low,1
61.99,52.2,57.63,40,Medium,1
25.19,42.48,55.42,19,High,0
95.7,79.47,70.12,81,Low,1
88.48,71.84,81.96,74,Low,1
76.0,69.15,87.47,94,Low,1
36.25,18.72,28.02,14,High,0
81.87,70.06,84.99,46,Low,1
86.34,65.69,73.22,67,Low,1
84.64,65.32,64.57,109,Low,1
90.39,70.27,65.99,80,Low,1
51.37,55.7,45.63,37,High,1
85.34,80.78,73.57,67,Low,1
80.91,62.74,44.81,41,High,1
82.9,87.96,69.47,71,Low,1
79.7,93.41,75.9,44,Low,1
82.9,77.56,53.17,86,Medium,1
41.69,49.32,60.88,3,High,1
48.59,66.63,40.27,6,High,1
75.68,66.03,77.86,77,Low,1
60.52,76.08,71.59,53,Medium,1
74.58,60.81,74.34,39,Medium,1
16.97,37.76,33.89,25,High,0
38.43,30.4,36.17,23,High,0
38.69,51.29,43.45,14,High,0
77.52,83.6,67.57,36,Low,1
71.97,62.23,70.32,55,Medium,1
62.17,64.52,42.49,32,High,1
45.22,58.16,55.16,17,High,1
71.24,62.1,45.53,51,Medium,1
83.21,73.06,75.2,68,Low,1
79.42,59.91,65.35,22,Low,1
74.1,81.47,66.33,49,Medium,1
76.5,74.12,80.12,51,Low,1
55.3,47.16,49.05,5,Medium,1
64.47,46.24,45.15,42,Medium,0
69.79,78.94,81.4,73,Medium,1
88.08,76.08,67.15,49,Low,1
79.34,77.93,67.16,66,Low,1
55.98,36.05,46.51,16,Medium,0
76.34,75.0,82.45,52,Low,1
45.79,27.8,33.83,13,High,0
46.88,64.41,41.79,43,High,1
87.04,77.09,81.82,95,Low,1
61.61,61.06,59.99,10,Medium,1
59.47,61.68,31.9,42,High,1
64.34,51.47,68.08,49,Medium,1
80.72,89.7,72.03,80,Low,1
85.23,65.82,61.15,70,Low,1
83.2,54.65,58.77,53,Medium,1
30.24,76.74,22.66,11,High,0
48.47,61.07,57.45,10,High,1
75.54,72.81,80.38,68,Low,1
88.39,79.04,64.76,78,Low,1
45.46,40.9,52.5,13,High,0
78.12,72.35,65.28,62,Low,1
68.38,70.3,66.49,80,Medium,1
75.91,67.84,60.33,58,Low,1
78.96,76.66,79.93,59,Low,1
63.5,54.4,58.31,37,Medium,1
70.59,80.25,64.38,64,Medium,1
37.27,38.6,28.74,27,High,0
76.29,64.82,50.44,44,Medium,1
43.64,36.65,47.99,13,High,0
31.75,43.31,50.33,47,High,0
90.44,86.5,69.53,61,Low,1
45.14,24.94,32.43,35,High,0
71.61,72.77,42.15,37,High,1
74.73,68.28,75.98,58,Medium,1
39.71,26.74,39.87,23,High,0
82.93,67.24,75.61,72,Low,1
74.18,77.27,69.23,52,Medium,1
84.37,77.0,84.19,75,Low,1
72.53,73.75,63.81,50,Medium,1
81.44,81.12,86.32,61,Low,1
72.29,69.79,84.5,59,Medium,1
77.21,65.12,93.69,68,Low,1
73.87,37.16,73.97,31,Medium,1
69.57,71.59,74.24,51,Medium,1
77.63,70.4,83.31,56,Low,1
72.54,46.82,63.17,36,Medium,1
80.67,74.78,83.66,54,Low,1
86.04,75.57,78.26,43,Low,1
55.76,29.33,49.42,21,Medium,0
28.94,24.65,35.59,7,High,0
26.98,47.69,34.52,16,High,0
81.56,77.88,57.16,65,Medium,1
61.28,62.67,71.73,23,Medium,1
79.84,78.75,62.06,78,Low,1
78.06,83.78,69.67,70,Low,1
64.37,39.49,63.58,15,Medium,1
80.09,81.29,72.95,83,Low,1
84.09,66.1,52.62,45,Medium,1
86.05,64.96,93.71,87,Low,1
85.39,90.65,56.3,73,Medium,1
85.61,70.69,88.99,73,Low,1
67.08,82.23,75.87,71,Medium,1
79.37,69.33,81.35,42,Low,1
35.33,24.38,43.3,17,High,0
64.11,75.52,76.04,57,Medium,1
72.82,71.5,73.45,65,Medium,1
85.99,66.3,70.14,74,Low,1
62.84,51.7,30.96,48,High,0
69.28,44.28,47.2,31,Medium,1
91.26,84.29,70.51,54,Low,1
37.8,38.88,30.12,1,High,0
68.54,55.44,70.07,52,Medium,1
59.38,50.67,75.0,44,Medium,1
83.22,84.04,69.91,82,Low,1
80.29,73.55,82.97,35,Low,1
62.74,57.14,71.58,26,Medium,1
27.85,38.45,44.54,8,High,0
42.88,35.96,53.67,22,High,0
72.79,77.6,55.17,47,Medium,1
93.97,70.19,64.44,61,Low,1
84.75,77.93,68.78,62,Low,1
82.67,69.84,68.77,63,Low,1
65.31,57.11,54.59,14,Medium,1
21.19,44.09,23.75,21,High,0
72.8,57.01,48.37,40,Medium,1
87.09,69.61,54.13,55,Medium,1
75.8,50.74,68.63,49,Low,1
67.52,46.14,61.69,43,Medium,1
80.64,64.77,56.23,59,Medium,1
94.54,67.12,76.73,47,Low,1
38.09,27.97,27.22,2,High,0
70.17,67.73,50.87,49,Medium,1
76.43,64.43,80.04,78,Low,1
38.64,18.09,19.92,28,High,0
57.16,54.28,59.81,37,Medium,1
59.63,43.55,45.62,8,Medium,1
78.83,81.2,76.06,82,Low,1
81.23,67.17,36.08,56,High,1
75.87,65.6,78.82,85,Low,1
90.58,76.6,69.42,33,Low,1
86.27,65.43,89.2,45,Low,1
83.75,74.62,86.6,94,Low,1
82.0,60.65,81.53,62,Low,1
74.02,82.29,89.11,68,Medium,1
66.52,61.68,56.63,24,Medium,1
77.13,75.35,67.82,20,Low,1
87.67,75.85,77.82,61,Low,1
61.22,60.77,40.73,25,High,1
38.39,40.96,44.2,7,High,0
79.18,42.11,39.72,27,High,1
77.05,85.35,49.61,84,Medium,1
75.46,60.94,82.85,82,Low,1
61.01,60.17,43.72,48,High,1
65.0,68.83,63.2,52,Medium,1
47.62,54.39,59.58,34,High,1
56.47,58.85,67.99,62,Medium,1
26.76,39.97,29.34,5,High,0
88.69,75.91,75.11,84,Low,1
78.66,44.34,53.36,41,Medium,1
79.01,72.76,78.9,80,Low,1
72.6,71.72,86.32,75,Medium,1
83.74,66.17,71.21,70,Low,1
60.06,62.58,44.22,21,High,1
80.29,81.68,86.25,48,Low,1
75.77,77.2,73.18,63,Low,1
47.03,72.9,45.83,30,High,1
61.41,79.65,68.1,37,Medium,1
83.48,85.13,73.12,53,Low,1
88.43,73.41,71.32,94,Low,1
91.62,76.54,71.59,52,Low,1
69.34,59.95,53.91,40,Medium,1
66.87,62.73,70.17,33,Medium,1
88.75,89.93,64.51,56,Low,1
62.66,66.07,51.77,17,Medium,1
91.67,76.02,84.46,71,Low,1
49.78,75.47,55.57,41,High,1
70.05,45.12,58.22,36,Medium,1
49.56,59.32,48.48,37,High,0
80.32,70.18,60.7,63,Low,1
41.24,54.61,52.82,37,High,0
82.08,87.57,89.08,67,Low,1
67.24,47.16,30.66,20,High,0
82.96,81.82,53.05,82,Medium,1
60.87,71.41,72.99,72,Medium,1
91.07,71.38,70.08,72,Low,1
50.96,84.45,45.13,19,High,1
37.82,33.98,19.16,16,High,0
77.22,82.62,67.01,88,Low,1
45.4,30.45,42.52,24,High,0
83.26,74.05,75.59,52,Low,1
79.73,69.35,61.44,62,Low,1
91.14,60.14,61.38,68,Low,1
51.42,64.79,46.06,34,High,1
48.79,62.34,61.76,56,High,1
73.28,46.88,54.61,28,Medium,1
46.53,59.2,54.98,32,High,1
74.73,79.12,73.11,63,Medium,1
88.82,90.96,77.21,27,Low,1
82.4,75.83,81.67,68,Low,1
60.71,34.74,38.88,20,High,0
75.68,67.48,62.4,96,Low,1
76.2,75.6,58.6,66,Medium,1
23.24,52.82,44.85,32,High,0
69.8,59.99,62.14,30,Medium,1
85.61,90.4,72.01,76,Low,1
56.93,41.07,61.16,37,Medium,1
57.99,48.14,51.87,49,Medium,1
65.22,43.39,47.44,13,Medium,1
88.11,61.66,66.31,73,Low,1
58.1,31.69,17.39,4,High,0
76.17,67.51,61.97,68,Low,1
77.48,77.39,74.98,67,Low,1
77.3,59.6,79.34,30,Low,1
40.45,44.09,52.64,20,High,0
78.59,82.24,79.85,47,Low,1
39.56,61.68,32.44,22,High,0
61.66,64.03,45.64,64,Medium,1
85.03,77.02,66.66,69,Low,1
74.37,66.72,51.53,28,Medium,1
82.58,75.5,59.53,76,Medium,1
76.16,77.39,72.36,43,Low,1
60.22,81.54,72.14,80,Medium,1
42.29,37.82,35.62,21,High,0
93.19,70.94,76.59,57,Low,1
96.62,80.86,64.55,34,Low,1
64.97,58.21,52.49,42,Medium,1
78.73,68.28,76.69,69,Low,1
82.27,65.67,60.9,42,Low,1
88.46,84.02,67.97,54,Low,1
76.38,58.28,52.66,53,Medium,1
45.56,30.24,47.7,15,High,0
45.46,33.25,18.53,9,High,0
54.36,30.62,27.12,0,High,0
89.36,71.59,71.86,78,Low,1
38.26,38.2,32.75,5,High,0
78.92,76.31,63.98,69,Low,1
60.32,63.86,50.46,38,Medium,1
94.56,74.55,66.25,51,Low,1
70.3,64.26,73.44,51,Medium,1
93.57,74.13,79.11,84,Low,1
72.44,63.88,55.86,59,Medium,1
86.46,72.93,75.63,56,Low,1
77.48,64.59,76.39,82,Low,1
72.0,65.14,59.38,84,Medium,1
28.99,28.38,32.97,9,High,0
91.47,87.39,63.13,86,Low,1
86.27,69.8,76.44,84,Low,1
73.12,83.18,73.29,56,Medium,1
70.93,70.38,64.9,64,Medium,1
85.78,72.29,77.96,52,Low,1
66.22,44.1,56.74,21,Medium,1
68.81,56.64,61.8,53,Medium,1
68.64,76.41,73.58,37,Medium,1
35.09,5.2,46.08,11,High,0
46.78,30.4,12.2,10,High,0
66.6,63.71,63.63,42,Medium,1
90.75,87.35,63.52,89,Low,1
72.92,77.9,74.67,89,Medium,1
55.69,43.01,53.99,33,Medium,1
82.48,81.6,62.88,77,Low,1
80.83,81.68,76.16,47,Low,1
80.19,64.58,34.54,45,High,1
44.36,35.81,26.96,17,High,0
91.32,73.3,79.68,59,Low,1
40.27,36.64,20.37,18,High,0
53.32,63.21,61.93,12,High,1
89.04,74.39,78.92,55,Low,1
100.0,84.02,61.65,70,Low,1
24.05,44.27,39.49,18,High,0
90.93,86.06,69.76,102,Low,1
68.56,63.53,48.97,58,Medium,1
85.55,60.38,76.96,62,Low,1
88.56,57.38,69.12,89,Low,1
100.0,77.02,71.1,41,Low,1
80.99,70.09,77.7,65,Low,1
66.18,51.26,67.95,32,Medium,1
69.35,91.36,59.19,37,Medium,1
79.79,67.47,73.96,60,Low,1
75.16,66.62,39.42,21,High,1
55.36,46.45,64.61,34,Medium,1
99.63,81.46,68.26,75,Low,1
92.96,60.94,74.12,56,Low,1
87.68,85.7,76.04,79,Low,1
67.5,66.09,50.64,25,Medium,1
91.02,78.58,65.66,41,Low,1
64.07,55.54,42.09,33,High,1
61.38,74.79,33.97,50,High,1
42.96,29.69,34.32,20,High,0
43.94,26.82,55.47,13,High,0
90.14,80.16,77.84,77,Low,1
77.0,84.81,79.98,64,Low,1
54.66,37.76,28.21,5,High,0
79.18,74.3,50.9,32,Medium,1
72.73,60.55,73.08,55,Medium,1
90.0,68.12,86.91,61,Low,1
62.18,58.98,56.69,34,Medium,1
9.44,47.43,58.3,17,High,0
63.14,69.88,65.11,64,Medium,1
57.84,46.32,30.79,8,High,0
19.66,41.35,51.9,13,High,0
77.17,81.89,65.59,41,Low,1
85.68,72.6,60.04,64,Low,1
74.76,60.78,49.4,24,Medium,1
81.22,65.14,60.22,94,Low,1
74.37,34.13,49.55,48,Medium,0
42.13,46.73,14.36,11,High,0
86.84,74.88,66.36,72,Low,1
77.35,71.94,70.56,71,Low,1
83.17,74.36,77.03,92,Low,1
84.88,80.8,42.06,30,High,1
81.68,88.95,75.78,69,Low,1
77.87,51.9,50.64,21,Medium,1
45.9,72.53,54.14,12,High,1
32.89,31.35,14.68,14,High,0
49.1,52.9,39.74,15,High,0
61.58,47.46,27.16,12,High,0
31.17,49.11,33.21,13,High,0
97.61,76.17,80.46,51,Low,1
72.23,57.83,71.09,56,Medium,1
26.15,14.52,40.77,14,High,0
53.9,50.21,57.24,29,High,1
56.76,64.83,53.47,49,Medium,1
37.91,54.48,17.15,5,High,0
76.04,68.56,86.85,54,Low,1
72.08,68.96,78.59,62,Medium,1
94.26,74.26,72.92,66,Low,1
73.64,75.24,68.97,64,Medium,1
90.37,80.08,80.43,56,Low,1
47.12,64.81,42.31,44,High,1
85.38,86.46,70.2,38,Low,1
20.35,63.38,50.33,8,High,0
66.27,73.34,72.16,44,Medium,1
75.24,77.23,78.44,68,Low,1
37.08,43.41,50.46,17,High,0
89.86,69.79,72.29,54,Low,1
85.17,59.53,75.63,53,Low,1
85.51,55.03,90.38,69,Low,1
47.11,53.3,31.72,9,High,0
63.51,63.15,64.02,38,Medium,1
70.82,83.78,74.89,62,Medium,1
48.14,45.85,50.94,6,High,0
59.58,57.28,66.9,29,Medium,1
96.79,65.53,49.52,68,Medium,1
76.02,74.35,71.39,68,Low,1
61.65,70.55,65.4,24,Medium,1
79.42,74.87,81.01,68,Low,1
89.74,75.81,66.95,56,Low,1
84.49,61.37,70.09,82,Low,1
65.81,77.85,85.47,57,Medium,1
82.99,68.99,72.86,56,Low,1
89.94,61.59,77.96,82,Low,1
54.43,64.3,45.44,30,High,1
32.34,41.29,42.04,16,High,0
72.07,67.79,62.01,40,Medium,1
71.05,64.44,74.57,52,Medium,1
88.91,73.91,67.85,59,Low,1
61.47,44.75,24.55,9,High,0
79.67,63.39,49.41,12,Medium,1
81.64,66.33,59.83,41,Medium,1
47.97,36.47,40.81,8,High,0
47.87,25.76,50.75,9,High,0
92.87,71.17,61.71,73,Low,1
52.39,69.8,67.59,18,High,1
89.78,73.12,82.96,68,Low,1
56.4,48.91,28.71,15,High,0
60.28,23.6,14.61,0,High,0
32.72,44.44,44.6,13,High,0
83.86,79.77,63.37,78,Low,1
70.59,69.7,77.9,48,Medium,1
62.56,62.34,47.45,24,Medium,1
42.93,57.43,37.18,9,High,0
78.41,83.32,69.71,55,Low,1
82.83,69.47,79.48,68,Low,1
56.74,39.86,60.09,10,Medium,0
86.38,69.09,73.77,73,Low,1
58.14,38.7,54.87,11,Medium,1
83.83,87.08,83.81,48,Low,1
76.13,68.64,64.12,82,Low,1
42.27,57.3,30.34,14,High,0
80.08,74.07,86.89,56,Low,1
78.71,76.85,83.35,54,Low,1
61.93,70.01,61.6,30,Medium,1
97.59,78.19,61.02,34,Low,1
82.49,54.09,52.43,66,Medium,1
71.01,72.01,77.64,65,Medium,1
54.25,59.25,46.2,32,High,1
86.07,52.34,49.82,43,Medium,1
70.59,31.78,41.42,46,High,0
44.44,45.76,23.28,20,High,0
75.33,73.64,42.09,25,High,1
91.04,67.63,63.45,43,Low,1
71.83,64.02,69.35,69,Medium,1
59.91,59.26,49.84,23,Medium,1
61.02,70.43,53.65,42,Medium,1
60.68,32.7,44.7,17,High,0
83.01,64.58,88.86,79,Low,1
38.72,52.09,43.73,14,High,0
75.68,73.98,72.31,94,Low,1
94.71,65.63,76.26,69,Low,1
82.18,78.45,73.74,55,Low,1
34.51,40.02,42.39,26,High,0
97.99,90.22,70.51,52,Low,1
79.04,69.72,74.65,42,Low,1
71.61,45.35,63.59,23,Medium,1
90.19,64.54,69.73,80,Low,1
92.89,74.21,72.21,76,Low,1
87.08,73.81,82.82,48,Low,1
37.93,54.0,35.68,0,High,0
69.19,37.1,53.13,31,Medium,1
31.39,33.75,12.41,10,High,0
63.64,37.5,63.13,41,Medium,1
75.12,67.51,86.24,61,Low,1
74.56,85.42,68.23,76,Medium,1
79.16,77.32,68.93,78,Low,1
55.89,38.1,34.61,7,High,0
87.44,72.41,56.63,69,Medium,1
57.39,50.43,21.58,18,High,0
56.9,53.35,45.82,17,Medium,1
94.81,79.48,70.73,82,Low,1
75.5,71.7,74.66,70,Low,1
71.77,78.25,73.34,82,Medium,1
76.58,77.32,69.52,69,Low,1
75.37,73.39,56.84,67,Medium,1
77.73,75.21,72.4,83,Low,1
91.1,69.14,62.87,44,Low,1
86.67,78.91,65.3,58,Low,1
57.01,49.48,60.23,42,Medium,1
83.61,70.62,78.75,62,Low,1
45.05,30.14,21.15,9,High,0
79.97,66.27,82.88,55,Low,1
85.02,65.78,68.64,74,Low,1
75.5,71.8,63.93,69,Low,1
19.67,24.74,39.75,22,High,0
73.91,61.66,56.08,24,Medium,1
73.1,62.47,49.49,29,Medium,1
77.98,65.94,71.54,61,Low,1
73.95,53.4,60.98,35,Medium,1
38.51,32.87,18.9,24,High,0
76.99,50.6,40.32,30,High,1
60.35,44.38,25.08,19,High,0
83.59,73.59,76.53,60,Low,1
51.61,35.29,32.75,20,High,0
78.71,71.64,85.07,87,Low,1
65.42,66.38,75.95,31,Medium,1
76.41,46.02,64.76,38,Low,1
83.58,67.71,55.93,30,Medium,1
87.01,73.08,77.1,55,Low,1
84.5,88.26,57.32,65,Medium,1
86.17,59.63,69.03,75,Low,1
61.89,70.28,53.09,31,Medium,1
67.85,58.09,52.39,35,Medium,1
42.51,45.93,45.67,13,High,0
83.51,72.51,57.61,99,Medium,1
82.11,63.9,76.42,79,Low,1
39.74,48.77,44.0,19,High,1
79.94,61.09,80.25,95,Low,1
74.63,56.3,46.06,44,Medium,1
41.82,18.38,28.37,0,High,0
51.98,44.1,33.47,4,High,0
74.4,54.1,41.03,29,High,0
27.0,40.38,57.9,13,High,0
78.5,60.99,65.05,78,Low,1
49.82,40.5,50.48,16,High,1
47.67,60.21,55.95,29,High,1
82.33,74.68,65.58,37,Low,1
47.42,25.49,30.5,13,High,0
56.7,50.33,55.75,47,Medium,1
65.32,66.06,55.83,22,Medium,1
74.04,73.68,59.36,62,Medium,1
87.99,86.39,65.39,40,Low,1
74.5,79.51,65.85,60,Medium,1
86.71,79.33,68.97,67,Low,1
69.26,42.18,55.55,40,Medium,1
36.66,33.3,45.22,9,High,0
54.7,50.9,38.61,13,High,0
63.98,67.9,41.56,40,High,1
67.96,75.1,98.26,62,Medium,1
100.0,79.2,64.07,86,Low,1
59.46,53.85,44.05,41,High,1
94.43,58.04,76.14,68,Low,1
51.06,54.31,57.35,23,High,1
80.18,85.51,63.99,42,Low,1
86.96,71.35,67.41,67,Low,1
47.91,70.3,56.16,51,High,1
82.49,76.88,76.54,69,Low,1
82.25,55.36,66.83,70,Low,1
39.53,53.71,59.57,42,High,1
57.65,74.67,59.38,24,Medium,1
85.13,75.44,79.54,63,Low,1
64.73,72.56,51.7,41,Medium,1
39.64,49.83,42.51,6,High,0
69.78,69.97,64.66,58,Medium,1
68.19,84.02,64.99,69,Medium,1
76.73,77.7,68.73,51,Low,1
87.87,63.31,78.52,84,Low,1
70.15,54.23,67.24,21,Medium,1
65.36,68.87,77.93,80,Medium,1
73.23,70.24,67.33,28,Medium,1
47.75,43.04,44.9,50,High,0
66.16,46.75,46.94,6,Medium,1
84.06,72.97,64.34,53,Low,1
84.07,43.64,52.14,27,Medium,1
92.97,72.45,76.86,68,Low,1
44.1,28.42,36.07,23,High,0
58.03,52.61,52.2,38,Medium,1
29.93,28.29,33.14,11,High,0
33.97,35.83,47.02,5,High,0
90.0,66.81,74.35,64,Low,1
78.1,58.01,72.31,74,Low,1
46.9,44.26,53.57,15,High,0
69.16,59.54,69.53,64,Medium,1
76.48,74.33,69.88,60,Low,1
52.05,53.11,72.48,20,High,1
63.89,72.42,51.02,28,Medium,1
83.53,64.09,48.87,27,Medium,1
71.87,56.49,55.27,24,Medium,1
54.7,44.69,31.04,26,High,0
90.74,62.19,76.11,61,Low,1
44.36,17.29,41.05,4,High,0
65.04,63.92,57.29,26,Medium,1
78.74,69.79,67.29,53,Low,1
58.66,47.54,62.52,34,Medium,1
61.04,67.26,54.0,32,Medium,1
70.35,70.63,60.17,76,Medium,1
84.88,76.73,71.46,55,Low,1
78.68,64.99,73.94,76,Low,1
80.9,76.56,59.34,58,Medium,1
92.7,82.06,59.31,81,Medium,1
75.11,73.71,77.94,81,Low,1
89.66,69.34,75.5,77,Low,1
59.13,54.27,49.5,32,Medium,1
86.96,56.95,82.66,80,Low,1
86.78,75.07,75.86,54,Low,1
58.89,25.5,18.65,12,High,0
83.16,56.44,86.4,75,Low,1
72.35,58.62,58.25,38,Medium,1
67.94,72.18,70.72,67,Medium,1
62.48,64.72,50.38,36,Medium,1
60.82,45.6,38.47,26,High,0
77.03,80.9,72.17,44,Low,1
86.33,84.34,65.26,84,Low,1
47.54,55.61,29.49,13,High,0
82.95,64.14,80.57,90,Low,1
77.92,79.84,87.28,30,Low,1
87.19,66.22,75.66,62,Low,1
75.55,57.64,63.48,35,Low,1
57.04,69.0,78.72,65,Medium,1
60.53,61.37,50.28,36,Medium,1
81.93,66.16,54.38,54,Medium,1
67.97,45.26,64.24,59,Medium,1
77.17,51.56,24.87,49,High,1
83.8,78.01,68.94,51,Low,1
84.56,77.28,69.51,66,Low,1
85.89,71.4,86.58,55,Low,1
88.15,81.19,72.34,74,Low,1
43.13,27.42,34.01,21,High,0
81.74,77.12,70.61,60,Low,1
64.5,45.5,61.73,39,Medium,1
90.89,68.08,79.78,67,Low,1
62.04,43.38,69.67,41,Medium,1
48.51,6.0,54.67,20,High,0
82.73,45.78,66.79,47,Low,1
79.64,82.08,71.6,85,Low,1
83.99,73.9,65.65,74,Low,1
82.07,79.55,78.45,39,Low,1
76.8,78.7,69.12,0,Low,1
60.33,61.6,49.52,23,Medium,1
59.23,50.62,36.12,18,High,0
93.39,74.55,56.28,69,Medium,1
67.85,59.4,49.02,30,Medium,1
38.22,38.74,44.97,13,High,0
65.84,78.39,93.17,56,Medium,1
88.81,74.7,62.67,77,Low,1
84.89,76.56,70.04,70,Low,1
71.42,53.66,73.94,25,Medium,1
61.8,33.95,39.95,21,High,0
84.67,82.18,70.29,56,Low,1
77.93,77.5,41.3,41,High,1
84.24,70.93,73.82,64,Low,1
63.84,72.33,63.88,70,Medium,1
35.85,33.78,48.09,14,High,0
77.31,72.51,65.43,94,Low,1
93.33,64.98,45.8,38,Medium,1
64.52,76.19,79.64,45,Medium,1
82.41,73.14,89.48,38,Low,1
96.81,71.91,70.45,71,Low,1
59.06,63.1,47.86,38,Medium,1
84.13,36.26,54.26,49,Medium,1
41.62,69.03,70.86,37,High,1
82.43,67.43,86.02,39,Low,1
75.26,74.27,74.42,48,Low,1
96.89,66.43,56.12,69,Medium,1
87.33,75.47,68.22,36,Low,1
87.3,65.15,58.89,92,Medium,1
37.78,75.13,24.07,6,High,0
74.88,79.02,63.84,88,Medium,1
62.3,71.59,66.32,83,Medium,1
71.0,72.57,70.57,68,Medium,1
74.58,68.92,73.87,70,Medium,1
85.9,88.14,79.06,45,Low,1
73.87,79.38,58.5,42,Medium,1
80.86,60.49,78.42,61,Low,1
70.42,77.61,81.06,41,Medium,1
12.03,43.76,64.19,13,High,0
76.6,72.59,45.9,90,Medium,1
82.81,77.76,70.93,66,Low,1
54.6,64.46,42.91,50,High,1
83.3,65.5,70.96,74,Low,1
22.62,54.17,42.24,6,High,0
63.42,52.64,86.81,38,Medium,1
78.22,70.45,79.55,19,Low,1
79.66,70.77,83.16,65,Low,1
87.41,60.67,58.55,67,Medium,1
87.62,69.78,74.31,66,Low,1
74.2,67.5,90.95,65,Medium,1
71.03,65.95,46.53,38,Medium,1
63.71,48.23,9.0,17,High,0
84.34,64.39,76.08,68,Low,1
91.7,89.93,75.54,88,Low,1
69.99,65.54,65.33,20,Medium,1
27.16,53.83,21.17,17,High,0
76.68,65.78,59.08,56,Medium,1
59.52,57.41,59.91,37,Medium,1
83.1,89.65,79.12,69,Low,1
63.66,82.92,51.97,31,Medium,1
77.58,75.23,71.61,58,Low,1
66.76,78.02,63.98,43,Medium,1
76.28,75.23,77.3,75,Low,1
74.69,80.02,51.08,36,Medium,1
42.59,58.06,64.48,18,High,1
85.12,76.73,85.5,66,Low,1
80.38,62.81,80.53,42,Low,1
64.61,49.64,67.07,45,Medium,1
79.27,78.28,77.96,67,Low,1
82.37,45.22,45.15,18,Medium,1
82.44,70.19,74.03,88,Low,1
76.74,76.11,71.64,76,Low,1
85.19,75.96,78.33,63,Low,1
100.0,75.86,65.54,56,Low,1
70.1,50.74,51.21,12,Medium,1
68.55,68.41,41.08,40,High,1
69.72,70.37,64.38,78,Medium,1
72.14,86.24,65.0,82,Medium,1
75.41,71.98,72.29,92,Low,1
88.68,82.72,66.86,65,Low,1
64.89,72.83,83.95,98,Medium,1
50.67,50.27,45.42,43,High,1
70.14,70.99,56.92,66,Medium,1
89.12,86.64,66.49,82,Low,1
50.53,16.93,19.54,10,High,0
55.61,67.64,51.64,14,Medium,1
92.53,72.84,82.11,70,Low,1
81.87,82.66,62.31,54,Low,1
67.63,61.33,67.41,59,Medium,1
54.27,33.37,22.74,32,High,0
80.8,45.88,78.76,12,Low,1
86.49,66.85,57.23,65,Medium,1
36.44,5.39,43.07,20,High,0
41.2,22.89,42.12,20,High,0
78.35,84.28,81.39,64,Low,1
63.05,67.95,75.24,61,Medium,1
56.47,63.62,62.25,29,Medium,1
85.96,78.3,77.78,39,Low,1
82.22,65.55,55.77,81,Medium,1
60.98,47.97,51.36,51,Medium,1
43.81,32.32,63.46,16,High,0
84.11,71.1,78.68,63,Low,1
64.22,53.44,43.56,40,High,1
89.29,74.91,73.67,78,Low,1
87.32,65.83,69.13,43,Low,1
87.32,78.04,75.93,47,Low,1
76.22,71.21,64.17,54,Low,1
81.23,81.67,82.15,35,Low,1
73.61,47.2,77.81,25,Medium,1
54.13,81.25,49.18,46,High,1
85.22,77.66,59.16,57,Medium,1
79.25,85.14,73.0,84,Low,1
83.42,72.11,69.48,57,Low,1
53.16,28.89,35.52,12,High,0
53.68,47.49,15.5,5,High,0
49.16,44.46,63.08,10,High,1
68.14,89.21,86.16,56,Medium,1
86.05,85.12,88.09,61,Low,1
79.06,70.32,74.83,54,Low,1
66.41,56.28,67.08,39,Medium,1
62.44,44.63,68.83,39,Medium,1
85.51,80.74,78.79,35,Low,1
30.36,60.73,49.65,6,High,0
59.75,66.8,39.23,38,High,1
87.9,68.35,75.24,66,Low,1
73.74,77.52,71.12,37,Medium,1
89.73,84.86,76.44,62,Low,1
86.39,84.42,73.24,56,Low,1
50.83,41.32,52.62,22,High,0
79.13,75.08,69.06,44,Low,1
41.24,56.98,49.44,2,High,0
57.18,50.34,49.93,7,Medium,1
22.38,27.52,30.24,4,High,0
72.56,68.41,73.12,59,Medium,1
60.15,26.42,29.67,11,High,0
79.23,78.25,66.03,65,Low,1
100.0,76.39,61.78,49,Low,1
85.08,79.55,53.75,51,Medium,1
50.67,59.21,70.48,32,High,1
66.91,67.58,62.3,22,Medium,1
47.55,48.78,42.85,42,High,0
66.76,68.65,52.16,50,Medium,1
86.55,68.43,83.75,41,Low,1
92.34,75.16,65.67,90,Low,1
46.43,43.86,64.85,14,High,1
91.34,74.16,64.78,73,Low,1
62.78,58.68,60.32,41,Medium,1
73.89,69.87,62.79,69,Medium,1
69.57,86.53,78.65,58,Medium,1
85.4,77.18,65.27,60,Low,1
80.88,74.97,86.96,61,Low,1
85.84,72.45,85.24,64,Low,1
86.66,78.13,60.35,68,Low,1
64.65,79.43,49.83,36,Medium,1
72.79,66.28,66.13,65,Medium,1
78.73,71.84,58.11,88,Medium,1
86.14,84.13,53.69,46,Medium,1
94.41,69.97,66.53,38,Low,1
69.92,48.05,50.08,42,Medium,1
81.94,67.52,73.69,53,Low,1
53.02,48.24,46.4,27,High,1
40.11,49.21,36.98,22,High,0
82.49,61.02,63.78,33,Low,1
80.86,76.99,85.1,56,Low,1
56.76,50.53,47.23,30,Medium,1
61.61,54.03,54.54,21,Medium,1
86.78,64.91,60.82,60,Low,1
63.72,43.09,32.52,8,High,0
71.52,57.14,59.15,23,Medium,1
81.04,80.67,66.33,77,Low,1
78.42,60.17,72.96,63,Low,1
67.47,61.69,56.37,46,Medium,1
69.41,74.65,76.29,57,Medium,1
28.66,40.19,38.86,9,High,0
73.11,66.27,78.97,67,Medium,1
59.12,67.97,67.4,21,Medium,1
41.03,49.6,34.88,23,High,0
79.96,70.69,72.29,86,Low,1
72.3,60.41,55.45,30,Medium,1
93.68,82.39,71.27,91,Low,1
29.23,59.93,55.36,14,High,0
69.52,65.64,88.06,90,Medium,1
93.25,77.87,68.57,70,Low,1
50.87,75.22,23.64,0,High,0
69.9,67.63,77.94,58,Medium,1
78.04,69.95,70.38,78,Low,1
39.63,21.93,50.92,13,High,0
81.0,66.2,52.85,38,Medium,1
67.9,36.47,44.53,56,High,1
85.41,56.26,61.49,48,Low,1
62.85,67.93,52.25,30,Medium,1
25.97,40.69,33.55,19,High,0
90.95,83.59,57.41,54,Medium,1
86.42,86.31,86.15,60,Low,1
84.1,60.37,53.33,38,Medium,1
78.12,70.99,60.26,71,Low,1
95.54,55.39,67.78,58,Low,1
90.01,73.98,67.11,94,Low,1
59.46,50.79,54.92,21,Medium,1
60.77,46.48,56.2,39,Medium,1
68.23,80.39,71.27,63,Medium,1
51.99,82.41,59.81,36,High,1
87.93,75.02,67.38,79,Low,1
56.28,58.22,73.63,36,Medium,1
53.69,25.01,49.34,12,High,0
77.09,57.88,66.34,48,Low,1
89.93,71.58,66.0,88,Low,1
72.44,78.41,65.4,60,Medium,1
81.62,75.68,87.23,88,Low,1
66.74,82.09,100.0,46,Medium,1
78.71,78.33,62.3,55,Low,1
64.93,67.47,55.61,40,Medium,1
62.33,48.2,49.19,26,Medium,1
68.79,68.51,82.47,81,Medium,1
60.05,24.52,50.5,37,Medium,0
84.43,77.46,65.55,34,Low,1
73.36,74.16,86.3,62,Medium,1
21.65,50.55,43.25,25,High,0
80.0,71.46,81.95,60,Low,1
52.15,40.06,66.91,12,High,1
90.08,63.35,62.83,40,Low,1
71.99,74.76,88.25,105,Medium,1
43.16,32.88,31.41,18,High,0
66.23,52.22,54.15,34,Medium,1
80.5,89.64,69.38,59,Low,1
58.06,71.49,55.27,38,Medium,1
76.26,87.67,89.45,77,Low,1
80.12,71.78,65.95,46,Low,1
60.0,57.39,65.95,28,Medium,1
74.39,51.69,51.72,44,Medium,1
38.65,39.96,31.6,7,High,0
43.67,48.58,33.96,19,High,0
79.59,71.4,64.57,60,Low,1
84.6,73.72,64.31,84,Low,1
89.84,94.53,72.97,58,Low,1
68.18,46.43,58.55,18,Medium,1
90.37,86.82,65.72,68,Low,1
88.91,55.71,64.96,76,Low,1
48.7,63.56,34.0,44,High,1
25.58,52.6,41.22,15,High,0
82.24,71.94,80.86,90,Low,1
94.87,75.89,63.55,59,Low,1
66.57,78.89,79.88,85,Medium,1
57.28,66.01,77.66,41,Medium,1
23.86,46.42,29.24,5,High,0
62.85,58.53,64.52,29,Medium,1
52.19,47.73,54.28,67,High,0
86.96,72.24,70.85,66,Low,1
81.65,82.7,73.58,36,Low,1
65.9,84.51,63.46,80,Medium,1
77.46,76.54,76.27,75,Low,1
78.98,70.18,71.6,85,Low,1
58.04,40.84,29.69,14,High,0
20.72,35.32,43.71,8,High,0
46.93,46.33,38.32,0,High,0
62.61,61.1,60.23,42,Medium,1
88.62,79.61,79.09,78,Low,1
73.19,83.34,65.02,52,Medium,1
72.49,89.91,71.8,53,Medium,1
64.76,34.2,33.79,12,High,0
58.62,68.61,47.31,39,Medium,1
36.65,48.76,24.9,14,High,0
45.19,53.57,81.69,28,High,1
36.88,45.4,35.64,28,High,0
66.42,74.74,64.64,26,Medium,1
87.14,92.94,68.6,45,Low,1
62.88,41.02,13.99,5,High,0
48.4,55.96,89.29,34,High,1
95.11,82.63,79.28,62,Low,1
87.17,71.94,74.5,51,Low,1
80.5,71.18,66.41,54,Low,1
93.02,58.66,58.76,70,Medium,1
74.68,67.36,59.8,39,Medium,1
37.0,48.63,60.66,13,High,1
72.54,57.59,55.02,25,Medium,1
71.53,56.53,47.78,45,Medium,1
52.48,69.11,43.24,11,High,1
50.49,57.24,27.85,5,High,0
62.24,36.04,35.95,13,High,0
55.53,70.5,43.38,47,High,1
81.82,80.9,59.5,61,Medium,1
64.35,49.75,43.35,26,High,1
85.96,69.23,70.79,48,Low,1
65.73,47.5,44.3,29,High,0
98.69,76.23,85.19,53,Low,1
55.22,64.35,53.71,29,Medium,1
50.43,57.65,32.27,23,High,0
49.73,81.69,70.35,37,High,1
38.74,34.43,52.74,13,High,0
82.28,80.81,63.81,58,Low,1
92.6,66.36,79.76,34,Low,1
52.3,61.06,52.46,20,High,1
77.06,65.12,77.36,79,Low,1
80.23,45.14,49.44,37,Medium,1
97.85,70.44,82.85,67,Low,1
52.81,36.25,26.65,12,High,0
86.25,77.65,73.92,61,Low,1
65.61,24.31,32.51,14,High,0
70.68,63.95,70.48,39,Medium,1
73.53,71.0,78.3,36,Medium,1
62.24,40.94,61.96,35,Medium,1
93.48,73.84,69.77,58,Low,1
70.14,40.33,45.48,28,Medium,0
60.06,58.4,39.35,40,High,0
64.18,48.11,56.75,26,Medium,1
47.85,58.91,63.67,13,High,1
33.24,51.31,34.02,23,High,0
85.26,65.49,81.19,49,Low,1
56.79,63.38,52.23,30,Medium,1
63.39,64.55,61.63,96,Medium,1
84.72,71.65,65.8,43,Low,1
88.7,73.24,87.57,31,Low,1
87.64,76.79,68.76,74,Low,1
23.86,43.01,47.51,11,High,0
63.76,54.27,60.41,22,Medium,1
56.27,87.81,73.1,76,Medium,1
75.04,73.39,58.22,76,Medium,1
52.81,60.17,49.89,20,High,1
83.91,88.28,57.4,50,Medium,1
66.54,57.27,46.3,47,Medium,1
98.21,66.86,60.75,70,Low,1
71.58,68.11,69.2,74,Medium,1
93.12,84.53,89.36,65,Low,1
84.47,76.74,89.26,42,Low,1
64.9,67.92,51.05,49,Medium,1
77.8,81.78,79.86,70,Low,1
77.9,77.91,56.39,48,Medium,1
93.76,68.88,85.35,53,Low,1
72.29,68.1,69.68,64,Medium,1
86.05,83.51,78.01,64,Low,1
89.12,82.46,75.34,61,Low,1
51.69,29.84,44.9,7,High,0
76.61,85.47,80.56,39,Low,1
61.36,61.06,46.96,24,Medium,1
41.47,35.91,36.81,10,High,0
82.1,86.04,62.28,67,Low,1
58.57,48.94,49.56,27,Medium,1
49.61,69.02,60.41,15,High,1
87.7,66.25,69.9,87,Low,1
94.36,85.48,55.54,33,Medium,1
67.19,70.97,35.58,30,High,1
23.87,39.24,43.28,22,High,0
69.82,76.36,73.98,90,Medium,1
87.03,81.15,77.78,49,Low,1
65.59,68.54,60.02,68,Medium,1
87.01,72.28,39.59,54,High,1
89.51,80.07,88.18,60,Low,1
47.02,34.0,44.06,12,High,0
80.38,87.22,78.34,77,Low,1
89.22,82.25,59.32,71,Medium,1
90.11,79.21,70.24,73,Low,1
55.22,50.73,45.35,38,Medium,0
48.93,25.25,44.14,8,High,0
77.96,72.62,84.94,67,Low,1
69.63,84.59,86.18,52,Medium,1
72.12,53.96,55.02,36,Medium,1
82.82,60.16,78.78,66,Low,1
63.59,32.43,44.79,17,High,0
71.81,66.26,43.98,36,High,1
72.04,58.54,56.38,23,Medium,1
92.4,62.79,79.25,82,Low,1
50.79,83.99,36.04,43,High,1
88.57,66.71,75.08,69,Low,1
84.78,70.91,81.14,66,Low,1
75.73,60.19,45.94,34,Medium,1
87.51,74.59,82.74,44,Low,1
35.41,29.98,14.61,14,High,0
71.41,72.72,67.0,71,Medium,1
66.22,81.71,78.49,69,Medium,1
86.02,70.41,74.11,73,Low,1
67.93,52.62,65.29,41,Medium,1
61.33,56.06,63.19,42,Medium,1
74.0,91.55,56.87,57,Medium,1
74.86,49.08,55.77,27,Medium,1
88.27,76.97,60.63,79,Low,1
72.54,51.2,76.9,95,Medium,1
76.51,69.91,83.46,53,Low,1
91.39,86.21,89.12,107,Low,1
95.67,78.15,74.68,58,Low,1
76.49,84.28,71.49,67,Low,1
69.1,81.09,54.95,74,Medium,1
92.57,84.64,70.91,44,Low,1
74.0,69.87,67.28,101,Medium,1
71.87,61.35,61.21,32,Medium,1
61.31,55.6,46.76,28,Medium,1
72.68,45.43,69.18,31,Medium,1
61.16,52.98,71.84,39,Medium,1
86.76,72.6,84.24,62,Low,1
38.01,46.21,56.64,53,High,0
75.17,62.45,76.0,71,Low,1
65.23,74.54,60.6,48,Medium,1
76.77,84.82,90.89,64,Low,1
94.04,80.26,85.43,57,Low,1
76.42,82.24,68.58,58,Low,1
55.56,66.06,57.02,35,Medium,1
73.92,74.68,56.56,51,Medium,1
74.69,73.86,64.81,68,Medium,1
62.05,70.09,54.73,54,Medium,1
49.33,24.18,29.74,13,High,0
84.28,57.67,49.46,32,Medium,1
71.78,64.68,67.67,35,Medium,1
80.01,73.09,71.5,59,Low,1
84.49,72.33,73.78,83,Low,1
100.0,59.5,63.44,17,Low,1
65.42,46.56,47.29,28,Medium,1
53.97,54.73,76.84,16,High,1
76.98,57.82,54.33,35,Medium,1
74.35,81.63,79.1,55,Medium,1
59.69,49.04,45.01,29,Medium,1
76.99,74.63,69.41,67,Low,1
48.59,55.27,42.65,0,High,0
58.82,58.34,51.01,46,Medium,1
82.73,60.26,79.77,58,Low,1
63.76,51.03,67.52,28,Medium,1
63.73,43.15,42.43,24,High,1
80.82,74.34,95.73,82,Low,1
64.63,52.16,37.22,24,High,0
74.71,73.69,79.37,81,Medium,1
66.58,62.15,77.97,62,Medium,1
74.5,65.89,75.05,61,Medium,1
80.54,90.2,68.18,63,Low,1
44.09,50.55,24.7,12,High,0
43.2,37.43,13.44,35,High,0
74.17,61.06,75.12,55,Medium,1
81.59,61.35,75.5,75,Low,1
66.61,62.67,49.01,28,Medium,1
73.13,75.63,77.0,69,Medium,1
8.46,18.78,75.91,27,High,0
79.95,84.2,64.73,61,Low,1
45.7,34.35,51.58,26,High,0
82.06,81.37,72.9,64,Low,1
64.73,63.57,61.95,43,Medium,1
79.49,71.92,90.88,73,Low,1
65.65,80.06,55.88,0,Medium,1
75.9,70.04,67.74,54,Low,1
93.38,78.98,77.77,53,Low,1
48.49,50.69,35.0,7,High,0
84.01,60.78,80.7,73,Low,1
79.96,75.99,74.06,54,Low,1
81.51,74.05,55.37,34,Medium,1
70.86,62.31,46.73,53,Medium,1
66.12,37.91,54.4,8,Medium,0
87.73,100.0,76.1,65,Low,1
66.88,74.92,84.85,81,Medium,1
46.85,31.67,14.23,9,High,0
76.82,80.69,62.39,53,Low,1
83.37,78.7,61.81,53,Low,1
73.96,93.68,79.03,52,Medium,1
49.8,35.92,75.26,36,High,1
61.36,51.66,34.03,33,High,1
81.67,61.07,58.37,57,Medium,1
85.0,85.63,67.68,54,Low,1
43.54,32.9,13.09,7,High,0
75.15,75.94,64.34,77,Low,1
48.61,38.68,31.66,19,High,0
72.49,88.46,86.77,65,Medium,1
78.57,80.46,79.09,71,Low,1
63.85,68.31,59.27,23,Medium,1
37.94,54.57,36.81,16,High,0
100.0,70.99,74.84,73,Low,1
86.9,70.65,75.93,92,Low,1
83.69,69.49,66.67,74,Low,1
86.71,64.74,75.36,73,Low,1
75.89,54.14,44.93,37,High,1
36.44,27.22,47.75,1,High,0
69.51,59.23,38.96,54,High,1
70.67,63.03,71.39,73,Medium,1
88.6,81.4,73.52,75,Low,1
85.55,75.46,74.96,69,Low,1
55.86,56.23,6.26,30,High,0
98.95,63.4,79.35,49,Low,1
77.07,76.3,80.49,56,Low,1
78.53,87.28,68.4,37,Low,1
74.58,75.26,73.75,64,Medium,1
53.55,53.31,41.48,32,High,1
77.48,50.13,58.66,13,Medium,1
51.34,26.53,37.68,1,High,0
87.41,68.0,52.54,71,Medium,1
85.49,78.79,57.7,84,Medium,1
76.54,68.73,66.65,72,Low,1
61.2,85.44,80.98,68,Medium,1
90.66,89.3,60.08,94,Low,1
73.31,78.01,65.0,83,Medium,1
82.37,66.1,78.67,73,Low,1
62.37,36.06,47.43,64,Medium,0
96.17,82.39,64.46,55,Low,1
52.23,40.06,50.45,21,High,1
77.01,72.13,73.82,57,Low,1
91.79,68.38,69.57,54,Low,1
77.95,77.84,84.45,83,Low,1
86.15,80.73,80.46,67,Low,1
87.13,68.53,71.92,65,Low,1
69.57,75.11,69.15,51,Medium,1
21.72,51.32,39.36,11,High,0
55.15,38.98,27.91,10,High,0
55.02,11.75,37.24,23,High,0
96.13,77.85,74.25,60,Low,1
83.03,74.13,63.12,31,Low,1
92.07,88.44,76.27,61,Low,1
46.57,51.0,52.7,52,High,0
61.83,59.39,64.32,28,Medium,1
69.37,70.93,65.14,103,Medium,1
76.23,74.13,46.85,5,Medium,1
79.71,75.75,70.5,64,Low,1
74.51,48.12,36.45,45,High,1
78.27,82.18,73.9,59,Low,1
79.15,85.72,72.44,62,Low,1
90.69,84.2,61.78,72,Low,1
79.74,82.42,76.55,91,Low,1
73.44,35.97,52.57,37,Medium,0
60.57,45.61,68.16,45,Medium,1
64.16,81.06,39.61,44,High,1
25.56,28.24,51.9,24,High,0
84.77,71.26,80.12,68,Low,1
92.2,93.79,74.38,49,Low,1
40.37,50.46,41.25,5,High,0
67.27,58.87,61.05,30,Medium,1
48.67,46.36,35.45,13,High,0
72.87,75.73,83.44,63,Medium,1
49.78,22.68,45.3,27,High,0
31.47,56.99,18.71,0,High,0
31.43,47.73,38.9,18,High,0
66.18,37.0,36.04,37,High,0
87.82,76.34,55.08,41,Medium,1
73.44,61.68,85.25,76,Medium,1
62.83,78.51,47.37,33,Medium,1
91.13,65.54,76.92,76,Low,1
85.76,70.02,74.65,67,Low,1
92.01,85.01,88.72,38,Low,1
83.48,67.7,77.91,86,Low,1
88.21,78.12,61.95,32,Low,1
86.23,83.47,61.52,46,Low,1
84.39,79.08,68.72,95,Low,1
37.42,40.76,33.41,4,High,0
46.21,38.19,43.77,5,High,0
88.49,77.97,77.72,71,Low,1
81.43,62.26,73.73,66,Low,1
66.58,61.13,55.72,31,Medium,1
82.64,66.63,41.48,46,High,1
94.94,78.13,60.79,59,Low,1
40.3,15.36,56.62,1,High,0
44.86,31.52,46.35,13,High,0
89.75,84.12,68.21,41,Low,1
96.82,72.8,66.03,68,Low,1
95.69,68.84,84.53,60,Low,1
67.5,58.45,39.97,47,High,1
74.55,67.89,71.31,66,Medium,1
61.94,36.44,50.92,46,Medium,0
70.52,61.03,51.83,43,Medium,1
79.94,66.51,62.32,48,Low,1
68.1,65.02,47.48,29,Medium,1
75.17,70.61,65.11,76,Low,1
32.48,50.47,27.41,0,High,0
95.17,87.47,75.53,48,Low,1
61.67,43.8,57.44,18,Medium,1
76.0,74.18,63.12,74,Low,1
47.93,56.24,9.83,8,High,0
70.72,56.55,58.82,23,Medium,1
32.99,46.17,13.43,19,High,0
79.97,64.7,68.78,79,Low,1
79.82,71.6,69.3,80,Low,1
85.38,78.27,85.44,59,Low,1
51.64,51.31,48.81,54,High,1
76.9,73.21,79.44,61,Low,1
79.33,63.25,77.27,86,Low,1
89.78,73.85,72.91,82,Low,1
73.36,50.2,42.74,49,High,1
83.19,72.38,80.82,69,Low,1
83.59,95.5,63.49,61,Low,1
80.86,60.39,65.39,62,Low,1
83.61,60.76,68.98,36,Low,1
62.36,57.88,52.36,40,Medium,1
57.96,38.21,12.38,42,High,0
74.69,54.98,38.67,50,High,1
38.61,39.4,34.15,15,High,0
82.55,60.04,65.79,62,Low,1
77.51,46.11,43.65,43,High,1
77.38,85.93,78.52,78,Low,1
75.86,37.1,41.84,38,High,0
73.57,73.14,86.45,62,Medium,1
83.87,85.64,66.14,66,Low,1
33.93,48.37,32.48,4,High,0
60.43,48.33,51.6,33,Medium,1
84.36,79.87,84.4,50,Low,1
69.38,66.35,56.31,26,Medium,1
45.49,62.18,44.02,22,High,0
72.92,42.09,47.85,18,Medium,1
80.18,56.46,59.2,75,Medium,1
73.33,63.98,65.54,54,Medium,1
44.36,21.72,30.09,12,High,0
30.65,39.87,26.29,21,High,0
81.08,69.87,75.75,74,Low,1
64.58,58.34,59.88,31,Medium,1
78.71,52.59,53.88,43,Medium,1
79.68,79.66,78.32,59,Low,1
93.52,79.05,61.64,81,Low,1
36.23,54.4,29.18,23,High,0
80.17,72.63,71.4,39,Low,1
64.89,72.43,78.51,62,Medium,1
47.81,27.9,17.11,26,High,0
83.36,73.72,69.68,84,Low,1
89.41,65.03,56.66,80,Medium,1
86.3,75.04,78.95,58,Low,1
87.22,83.65,74.42,51,Low,1
76.39,65.74,77.99,99,Low,1
78.27,59.86,72.18,64,Low,1
74.85,83.58,60.36,78,Medium,1
46.58,29.94,21.24,20,High,0
30.25,39.87,24.77,10,High,0
43.74,55.96,15.22,7,High,0
76.18,72.67,62.41,77,Low,1
37.63,73.22,33.73,0,High,1
77.49,76.96,74.78,56,Low,1
74.02,88.3,68.09,87,Medium,1
54.88,46.19,35.08,28,High,0
29.91,29.88,46.13,15,High,0
65.29,41.11,39.11,6,High,0
49.41,50.4,47.19,36,High,0
27.84,52.36,59.43,17,High,1
56.65,42.64,50.42,29,Medium,0
40.49,23.95,32.69,17,High,0
81.44,70.29,62.12,58,Low,1
100.0,78.86,78.43,53,Low,1
62.72,72.11,51.59,28,Medium,1
81.54,69.41,77.51,75,Low,1
88.62,85.17,76.0,65,Low,1
35.14,51.59,41.95,26,High,0
73.7,79.28,78.73,59,Medium,1
82.37,72.64,57.13,49,Medium,1
47.15,36.12,54.36,21,High,0
77.47,70.12,69.36,58,Low,1
67.76,70.8,73.41,64,Medium,1
78.98,72.58,74.81,74,Low,1
58.1,56.8,71.66,32,Medium,1
26.56,45.37,41.39,16,High,0
39.54,48.58,31.89,1,High,0
57.18,59.21,50.95,21,Medium,1
77.42,73.72,63.83,73,Low,1
35.92,51.95,41.8,0,High,0
48.2,43.51,38.49,20,High,0
36.43,50.17,39.84,2,High,0
80.97,80.9,64.53,60,Low,1
73.48,77.05,70.54,81,Medium,1
88.74,66.22,72.72,86,Low,1
86.15,69.09,75.41,62,Low,1
71.5,80.22,65.41,76,Medium,1
80.82,82.57,78.78,60,Low,1
69.87,72.34,34.54,26,High,1
48.29,78.9,55.27,11,High,1
57.49,59.21,66.48,42,Medium,1
70.22,45.61,66.02,30,Medium,1
79.16,75.67,71.59,58,Low,1
91.41,63.35,79.24,77,Low,1
82.35,75.4,62.78,92,Low,1
19.87,30.59,31.74,0,High,0
38.78,51.75,33.75,15,High,0
85.61,85.78,67.37,67,Low,1
50.6,67.54,78.89,23,High,1
84.8,82.4,67.81,58,Low,1
70.72,42.74,48.43,44,Medium,1
58.76,40.76,54.76,34,Medium,0
53.02,56.9,35.37,19,High,1
99.95,65.28,70.35,70,Low,1
76.13,69.4,68.98,60,Low,1
56.5,60.31,58.39,47,Medium,1
83.99,91.25,68.57,59,Low,1
72.92,73.68,80.39,90,Medium,1
76.27,85.73,59.32,42,Medium,1
90.05,76.54,75.01,88,Low,1
25.27,55.03,51.77,14,High,0
79.52,69.59,73.12,79,Low,1
63.53,66.57,71.77,1,Medium,1
48.08,65.96,70.02,32,High,1
56.8,68.27,47.87,39,Medium,1
67.39,82.02,77.29,44,Medium,1
42.06,29.64,63.52,30,High,0
77.61,72.23,85.47,63,Low,1
80.52,60.39,75.37,68,Low,1
80.9,62.21,69.34,75,Low,1
39.36,53.48,45.8,15,High,1
48.39,66.58,69.85,64,High,1
78.08,69.26,83.47,63,Low,1
54.97,70.19,70.99,27,High,1
89.81,76.27,71.94,59,Low,1
88.08,80.1,67.8,61,Low,1
80.25,73.85,74.64,72,Low,1
75.35,75.63,77.07,62,Low,1
75.1,55.54,59.91,42,Medium,1
88.2,85.89,61.98,85,Low,1
72.85,63.72,69.02,71,Medium,1
71.44,77.09,77.75,74,Medium,1
27.26,30.99,33.11,14,High,0
69.26,48.68,42.3,19,High,1
66.74,45.02,30.54,21,High,0
85.43,58.05,77.35,56,Low,1
85.24,68.54,82.37,57,Low,1
67.82,55.04,40.25,24,High,0
71.54,75.59,74.93,67,Medium,1
62.04,64.34,55.31,68,Medium,1
76.26,71.58,86.29,70,Low,1
66.32,59.49,68.23,14,Medium,1
72.33,75.54,87.09,41,Medium,1
38.78,44.28,55.55,16,High,0
81.62,73.08,61.35,79,Low,1
69.67,78.96,57.7,70,Medium,1
86.9,69.49,65.68,70,Low,1
36.65,36.22,37.05,12,High,0
61.29,49.93,49.95,32,Medium,0
75.29,69.68,65.5,79,Low,1
76.39,91.32,81.49,80,Low,1
91.77,64.86,61.51,55,Low,1
75.76,76.15,74.26,52,Low,1
86.73,78.55,66.45,48,Low,1
44.96,46.37,23.05,14,High,0
60.97,66.22,71.04,35,Medium,1
12.08,62.75,19.31,5,High,0
80.57,74.27,67.38,57,Low,1
83.25,76.05,61.93,83,Low,1
87.02,73.17,65.63,52,Low,1
56.54,67.35,59.07,21,Medium,1
90.8,86.64,89.67,69,Low,1
68.11,50.82,63.75,42,Medium,1
87.79,81.19,73.09,55,Low,1
82.38,60.25,81.42,65,Low,1
83.31,76.12,67.36,73,Low,1
58.25,58.6,56.36,38,Medium,1
75.93,72.94,87.72,34,Low,1
85.54,55.26,66.47,62,Low,1
61.82,63.41,60.19,31,Medium,1
83.85,77.14,62.69,74,Low,1
34.41,28.1,27.99,3,High,0
73.14,53.13,54.89,35,Medium,1
72.02,49.0,51.03,50,Medium,1
79.87,47.87,35.64,29,High,1
63.1,65.52,48.75,24,Medium,1
78.91,85.47,73.72,74,Low,1
58.04,77.92,66.02,29,Medium,1
90.97,69.22,72.99,82,Low,1
88.25,80.71,79.42,51,Low,1
93.67,80.58,72.37,48,Low,1
83.87,42.99,56.22,55,Medium,1
73.36,60.45,52.19,14,Medium,1
57.99,62.33,53.42,37,Medium,1
93.3,71.57,69.18,74,Low,1
88.94,81.98,72.83,54,Low,1
48.79,45.49,42.64,0,High,0
90.76,62.22,67.15,54,Low,1
63.13,59.4,57.62,45,Medium,1
79.24,72.3,65.63,73,Low,1
81.37,81.9,76.13,78,Low,1
74.88,70.44,60.91,92,Medium,1
70.95,63.99,56.93,23,Medium,1
53.27,62.06,48.54,7,High,1
38.26,38.64,57.79,19,High,0
84.23,60.99,71.72,70,Low,1
74.53,78.5,71.03,63,Medium,1
82.69,38.41,56.63,30,Medium,1
87.26,94.03,67.64,75,Low,1
83.0,72.64,71.27,72,Low,1
65.42,61.24,43.6,24,High,1
78.55,65.1,56.75,54,Medium,1
83.87,69.08,64.57,68,Low,1
80.66,64.69,73.54,63,Low,1
82.75,74.62,81.5,48,Low,1
35.05,67.09,28.44,5,High,0
86.6,86.15,73.05,49,Low,1
77.42,67.65,51.74,45,Medium,1
54.46,43.81,57.46,43,High,1
54.84,57.7,52.32,27,High,1
63.99,60.34,78.28,24,Medium,1
93.64,89.05,76.92,73,Low,1
53.63,39.99,52.56,26,High,0
90.74,74.15,68.76,43,Low,1
87.38,81.17,47.34,82,Medium,1
83.13,84.66,83.22,45,Low,1
95.8,69.74,64.63,79,Low,1
75.46,81.12,74.56,35,Low,1
79.98,83.29,70.34,42,Low,1
79.58,80.05,68.21,42,Low,1
93.32,80.39,72.06,56,Low,1
38.19,41.82,26.47,18,High,0
42.31,48.23,33.59,10,High,0
32.37,40.42,33.62,7,High,0
46.37,34.88,35.38,12,High,0
84.11,63.73,84.04,76,Low,1
69.01,61.46,54.32,47,Medium,1
48.48,63.24,29.9,9,High,0
73.44,66.96,70.43,66,Medium,1
85.52,49.48,52.01,49,Medium,1
43.61,62.65,24.45,15,High,0
51.45,40.4,30.05,14,High,0
86.9,69.47,79.3,55,Low,1
81.5,75.73,86.54,87,Low,1
66.21,68.37,51.97,37,Medium,1
55.81,45.46,49.85,17,Medium,0
82.59,89.16,70.65,68,Low,1
52.41,53.96,43.45,29,High,0
78.75,68.79,63.29,74,Low,1
51.89,73.69,49.39,27,High,1
82.45,79.55,95.15,72,Low,1
49.15,26.42,24.72,14,High,0
86.49,65.87,76.84,44,Low,1
57.04,43.27,55.94,35,Medium,1
72.76,56.28,53.39,63,Medium,1
62.05,51.48,53.57,28,Medium,1
51.78,33.09,68.38,48,High,0
89.12,80.48,56.77,54,Medium,1
81.48,73.49,71.29,82,Low,1
76.97,72.4,87.27,94,Low,1
82.91,74.03,70.25,84,Low,1
67.18,65.09,52.69,37,Medium,1
88.92,73.68,67.48,81,Low,1
30.04,17.15,35.15,21,High,0
50.55,54.82,49.04,33,High,0
54.66,51.33,21.7,24,High,0
72.35,70.56,87.1,46,Medium,1
78.44,71.94,69.34,63,Low,1
76.03,83.79,80.54,72,Low,1
80.58,75.55,63.29,57,Low,1
87.99,89.21,75.54,81,Low,1
66.71,51.87,58.66,16,Medium,1
76.12,65.94,72.76,48,Low,1
31.68,55.6,37.48,6,High,0
24.36,58.5,54.34,20,High,0
18.74,41.52,19.53,12,High,0
100.0,73.24,59.29,67,Medium,1
73.29,39.32,76.84,27,Medium,1
76.78,75.83,71.22,56,Low,1
62.57,68.58,61.95,40,Medium,1
69.31,82.78,61.45,37,Medium,1
61.91,44.53,65.32,35,Medium,1
61.06,54.13,62.84,26,Medium,1
70.21,65.71,62.17,70,Medium,1
85.14,70.49,77.5,65,Low,1
89.25,75.22,72.75,69,Low,1
83.03,70.16,86.66,37,Low,1
69.65,46.46,42.48,26,High,1
71.69,70.1,52.04,52,Medium,1
63.9,59.33,46.13,34,Medium,1
60.33,60.88,58.95,49,Medium,1
76.22,71.47,70.54,70,Low,1
47.5,53.62,28.27,12,High,0
84.66,75.6,64.89,76,Low,1
73.86,53.79,59.93,40,Medium,1
38.46,25.37,30.69,5,High,0
77.2,70.15,56.16,31,Medium,1
70.18,78.55,68.8,34,Medium,1
63.52,30.55,39.94,29,High,0
90.97,72.43,67.29,53,Low,1
78.38,85.47,64.02,75,Low,1
82.72,80.02,66.51,81,Low,1
73.1,50.22,48.89,14,Medium,1
80.99,75.78,66.56,41,Low,1
37.61,53.23,39.31,9,High,0
48.37,43.03,50.89,12,High,0
51.32,52.89,64.59,47,High,1
80.1,76.63,79.3,91,Low,1
83.32,78.17,53.24,56,Medium,1
27.11,35.2,33.06,15,High,0
82.2,83.4,91.04,43,Low,1
86.87,73.53,71.34,66,Low,1
82.81,56.07,33.24,35,High,1
79.55,70.96,65.1,79,Low,1
75.91,55.67,62.02,41,Low,1
80.97,62.72,68.52,64,Low,1
54.75,53.88,39.0,46,High,0
81.74,65.09,67.7,69,Low,1
81.62,58.84,70.56,69,Low,1
81.38,53.2,83.29,83,Low,1
87.05,86.45,80.4,19,Low,1
85.1,66.03,71.45,44,Low,1
87.09,42.28,51.62,39,Medium,1
71.8,70.38,77.59,43,Medium,1
65.34,19.1,31.08,11,High,0
17.39,51.36,35.46,21,High,0
40.05,40.52,52.9,9,High,0
64.53,72.54,59.72,22,Medium,1
76.07,74.77,73.82,64,Low,1
83.18,66.3,68.49,84,Low,1
78.0,69.58,66.64,86,Low,1
81.42,67.2,64.72,75,Low,1
86.09,63.76,61.88,52,Low,1
37.7,44.19,31.95,19,High,0
58.76,55.18,48.06,24,Medium,1
74.46,67.3,65.79,56,Medium,1
51.48,38.2,19.62,13,High,0
75.03,73.83,85.12,72,Low,1
26.16,48.26,44.93,25,High,0
55.28,49.05,62.99,23,Medium,1
61.54,49.62,45.71,50,Medium,1
52.05,42.0,55.55,12,High,0
74.2,68.58,68.63,51,Medium,1
56.44,49.27,78.86,33,Medium,1
81.38,73.4,75.09,43,Low,1
62.96,68.13,75.71,53,Medium,1
43.28,60.31,33.62,14,High,0
79.94,64.54,75.59,53,Low,1
62.53,75.98,62.37,75,Medium,1
82.55,82.5,56.95,52,Medium,1
28.83,51.01,52.73,8,High,0
79.84,55.9,66.36,18,Low,1
89.54,56.77,74.02,70,Low,1
98.77,70.33,69.51,58,Low,1
86.7,79.08,62.76,74,Low,1
82.73,79.96,79.22,89,Low,1
35.45,53.07,41.97,0,High,0
48.76,34.78,40.1,5,High,0
75.0,64.25,63.85,33,Medium,1
83.46,65.0,56.23,81,Medium,1
83.68,82.89,78.8,81,Low,1
78.09,71.87,65.97,53,Low,1
12.28,37.91,27.28,3,High,0
87.61,75.0,59.02,66,Medium,1
45.17,32.76,44.46,0,High,0
80.14,72.56,67.65,75,Low,1
79.12,75.31,65.32,57,Low,1
51.69,38.24,4.14,13,High,0
82.82,72.51,91.54,86,Low,1
62.9,61.52,46.76,45,Medium,1
79.29,64.55,66.4,38,Low,1
63.22,49.18,55.36,35,Medium,1
49.74,51.02,37.19,21,High,0
85.02,65.74,66.67,61,Low,1
54.57,63.4,50.27,50,High,1
82.13,78.23,86.62,62,Low,1
77.09,63.54,73.67,73,Low,1
91.77,87.91,68.81,53,Low,1
45.17,37.69,19.59,7,High,0
86.69,74.42,59.8,37,Medium,1
62.45,47.89,41.09,22,High,1
90.02,68.43,76.91,38,Low,1
77.42,76.9,82.46,67,Low,1
72.94,63.23,72.54,62,Medium,1
71.72,83.48,80.08,54,Medium,1
49.77,38.48,75.38,31,High,1
72.85,79.24,88.25,84,Medium,1
76.41,27.02,70.59,49,Low,1
78.54,81.16,75.01,47,Low,1
75.23,61.03,57.96,28,Medium,1
75.81,80.11,68.49,58,Low,1
61.32,65.66,46.72,36,Medium,1
80.05,71.23,79.65,36,Low,1
72.67,88.85,71.84,54,Medium,1
74.24,67.96,54.1,43,Medium,1
34.54,65.35,33.29,21,High,0
76.78,80.88,47.09,105,Medium,1
55.55,64.56,55.83,13,Medium,1
36.11,37.41,51.79,11,High,0
78.38,86.26,71.41,82,Low,1
47.25,42.57,35.75,23,High,0
86.29,80.15,72.01,35,Low,1
79.69,69.57,66.84,64,Low,1
74.35,59.64,70.57,47,Medium,1
84.62,50.82,63.62,43,Low,1
42.01,37.72,26.49,17,High,0
83.9,91.08,68.97,60,Low,1
75.89,68.16,86.78,48,Low,1
61.69,69.77,75.18,13,Medium,1
75.69,65.54,72.77,72,Low,1
78.21,72.02,61.83,57,Low,1
68.24,71.38,65.53,61,Medium,1
81.64,81.25,75.65,63,Low,1
46.97,43.71,50.02,20,High,0
42.53,45.52,48.88,15,High,0
84.14,71.73,75.52,71,Low,1
93.33,75.84,65.48,115,Low,1
33.72,38.67,38.95,25,High,0
85.61,85.08,74.27,44,Low,1
78.89,65.61,58.77,36,Medium,1
85.56,84.64,66.7,52,Low,1
57.96,29.35,62.6,8,Medium,0
72.8,75.9,69.71,48,Medium,1
79.24,37.16,35.65,3,High,0
84.38,72.37,70.55,77,Low,1
33.19,49.39,20.33,5,High,0
88.77,78.2,50.5,52,Medium,1
79.78,74.28,65.46,62,Low,1
40.79,32.33,22.96,17,High,0
83.48,71.07,84.38,56,Low,1
76.34,77.22,74.24,65,Low,1
90.09,73.34,77.32,62,Low,1
66.8,55.68,51.24,21,Medium,1
86.78,73.7,84.81,60,Low,1
70.24,60.56,61.13,62,Medium,1
80.48,57.32,58.74,22,Medium,1
79.01,81.69,56.94,56,Medium,1
84.95,56.62,83.96,94,Low,1
90.42,78.71,75.94,56,Low,1
98.58,77.47,71.53,54,Low,1
92.15,70.28,84.82,82,Low,1
72.85,74.56,71.12,42,Medium,1
77.34,68.98,82.87,52,Low,1
57.24,86.34,51.11,32,Medium,1
32.78,47.1,53.37,28,High,0
85.78,81.28,75.07,93,Low,1
85.98,73.68,85.8,60,Low,1
81.27,81.93,53.29,68,Medium,1
71.78,76.32,75.55,73,Medium,1
59.14,49.84,73.18,25,Medium,1
86.83,64.26,70.07,27,Low,1
55.92,44.96,17.79,15,High,0
72.14,70.53,54.01,49,Medium,1
76.87,82.72,61.93,66,Low,1
66.26,46.15,72.65,47,Medium,1
77.71,77.8,67.4,86,Low,1
90.63,69.27,74.96,56,Low,1
90.77,70.58,76.7,57,Low,1
86.44,71.54,63.29,73,Low,1
42.29,36.55,47.64,15,High,1
85.39,69.28,70.92,37,Low,1
76.44,42.22,52.1,26,Medium,1
39.8,47.96,70.83,17,High,1
73.04,55.06,69.06,39,Medium,1
80.55,91.42,55.58,53,Medium,1
41.21,72.71,56.05,53,High,1
87.88,81.82,73.62,64,Low,1
